old_path,new_path,action,notes
Packs/copilot-architecture-governance-pack/.github/agents/adr-writer.agent.md,Packs/copilot-architecture-governance-pack/.github/agents/adr-writer.agent.md,keep,canonical-no-change
Packs/copilot-architecture-governance-pack/.github/agents/architecture-governance-steward.agent.md,Packs/copilot-architecture-governance-pack/.github/agents/architecture-governance-steward.agent.md,keep,canonical-no-change
Packs/copilot-architecture-governance-pack/.github/agents/change-risk-scorer.agent.md,Packs/copilot-architecture-governance-pack/.github/agents/change-risk-scorer.agent.md,keep,canonical-no-change
Packs/copilot-architecture-governance-pack/.github/agents/code-review-marshal.agent.md,Packs/copilot-architecture-governance-pack/.github/agents/code-review-marshal.agent.md,keep,canonical-no-change
Packs/copilot-architecture-governance-pack/.github/agents/trunk-coach.agent.md,Packs/copilot-architecture-governance-pack/.github/agents/trunk-coach.agent.md,keep,canonical-no-change
Packs/copilot-architecture-governance-pack/.github/copilot-instructions.md,Packs/copilot-architecture-governance-pack/.github/copilot-instructions.md,review,missing-frontmatter;duplicate-target-path
Packs/copilot-architecture-governance-pack/.github/prompts/architecture-brief.prompt.md,Packs/copilot-architecture-governance-pack/.github/prompts/architecture-brief.prompt.md,keep,canonical-no-change
Packs/copilot-architecture-governance-pack/.github/prompts/architecture-ship.prompt.md,Packs/copilot-architecture-governance-pack/.github/prompts/architecture-ship.prompt.md,keep,canonical-no-change
Packs/copilot-architecture-governance-pack/.github/prompts/governance-review.prompt.md,Packs/copilot-architecture-governance-pack/.github/prompts/governance-review.prompt.md,keep,canonical-no-change
Packs/copilot-architecture-governance-pack/.github/prompts/risk-score-change.prompt.md,Packs/copilot-architecture-governance-pack/.github/prompts/risk-score-change.prompt.md,keep,canonical-no-change
Packs/copilot-architecture-governance-pack/.github/prompts/trunk-slice.prompt.md,Packs/copilot-architecture-governance-pack/.github/prompts/trunk-slice.prompt.md,keep,canonical-no-change
Packs/copilot-architecture-governance-pack/.github/prompts/write-adr.prompt.md,Packs/copilot-architecture-governance-pack/.github/prompts/write-adr.prompt.md,keep,canonical-no-change
Packs/copilot-architecture-governance-pack/.github/skills/adr-discipline-nygard/SKILL.md,Packs/copilot-architecture-governance-pack/.github/skills/adr-discipline-nygard/SKILL.md,keep,canonical-no-change
Packs/copilot-architecture-governance-pack/.github/skills/adr-discipline-nygard/templates/adr-index.md,Packs/copilot-architecture-governance-pack/.github/skills/adr-discipline-nygard/templates/adr-index.md,keep,canonical-no-change
Packs/copilot-architecture-governance-pack/.github/skills/adr-discipline-nygard/templates/adr-template.md,Packs/copilot-architecture-governance-pack/.github/skills/adr-discipline-nygard/templates/adr-template.md,keep,canonical-no-change
Packs/copilot-architecture-governance-pack/.github/skills/change-risk-scoring/SKILL.md,Packs/copilot-architecture-governance-pack/.github/skills/change-risk-scoring/SKILL.md,keep,canonical-no-change
Packs/copilot-architecture-governance-pack/.github/skills/review-gates-google-standard/SKILL.md,Packs/copilot-architecture-governance-pack/.github/skills/review-gates-google-standard/SKILL.md,keep,canonical-no-change
Packs/copilot-architecture-governance-pack/.github/skills/trunk-discipline/SKILL.md,Packs/copilot-architecture-governance-pack/.github/skills/trunk-discipline/SKILL.md,keep,canonical-no-change
Packs/copilot-architecture-governance-pack/.vscode/settings.json,Packs/copilot-architecture-governance-pack/.vscode/settings.json,keep,canonical-no-change
Packs/copilot-architecture-governance-pack/AGENTS.md,Packs/copilot-architecture-governance-pack/AGENTS.md,review,missing-frontmatter
Packs/copilot-architecture-governance-pack/docs/architecture/adr/ADR-000-template.md,Packs/copilot-architecture-governance-pack/docs/architecture/adr/ADR-000-template.md,keep,canonical-no-change
Packs/copilot-architecture-governance-pack/docs/architecture/adr/README.md,Packs/copilot-architecture-governance-pack/docs/architecture/adr/README.md,keep,canonical-no-change
Packs/copilot-architecture-governance-pack/docs/architecture/README.md,Packs/copilot-architecture-governance-pack/docs/architecture/README.md,keep,canonical-no-change
Packs/copilot-architecture-governance-pack/llms.txt,Packs/copilot-architecture-governance-pack/llms.txt,keep,canonical-no-change
Packs/copilot-architecture-governance-pack/PACK_MANIFEST.json,Packs/copilot-architecture-governance-pack/PACK_MANIFEST.json,keep,canonical-no-change
Packs/copilot-architecture-governance-pack/README.md,Packs/copilot-architecture-governance-pack/README.md,keep,canonical-no-change
Packs/copilot-award-ui-pack/.github/agents/art-direction-planner.agent.md,Packs/copilot-award-ui-pack/.github/agents/art-direction-planner.agent.md,keep,canonical-no-change
Packs/copilot-award-ui-pack/.github/agents/design-system-engineer.agent.md,Packs/copilot-award-ui-pack/.github/agents/design-system-engineer.agent.md,keep,canonical-no-change
Packs/copilot-award-ui-pack/.github/agents/pixel-qa-reviewer.agent.md,Packs/copilot-award-ui-pack/.github/agents/pixel-qa-reviewer.agent.md,keep,canonical-no-change
Packs/copilot-award-ui-pack/.github/agents/screen-composer.agent.md,Packs/copilot-award-ui-pack/.github/agents/screen-composer.agent.md,keep,canonical-no-change
Packs/copilot-award-ui-pack/.github/agents/ui-art-director.agent.md,Packs/copilot-award-ui-pack/.github/agents/ui-art-director.agent.md,keep,canonical-no-change
Packs/copilot-award-ui-pack/.github/copilot-instructions.md,Packs/copilot-award-ui-pack/.github/copilot-instructions.md,review,missing-frontmatter;duplicate-target-path
Packs/copilot-award-ui-pack/.github/prompts/art-direct-screen.prompt.md,Packs/copilot-award-ui-pack/.github/prompts/art-direct-screen.prompt.md,keep,canonical-no-change
Packs/copilot-award-ui-pack/.github/prompts/design-system-blueprint.prompt.md,Packs/copilot-award-ui-pack/.github/prompts/design-system-blueprint.prompt.md,keep,canonical-no-change
Packs/copilot-award-ui-pack/.github/prompts/layout-grid.prompt.md,Packs/copilot-award-ui-pack/.github/prompts/layout-grid.prompt.md,keep,canonical-no-change
Packs/copilot-award-ui-pack/.github/prompts/pixel-perfect-review.prompt.md,Packs/copilot-award-ui-pack/.github/prompts/pixel-perfect-review.prompt.md,keep,canonical-no-change
Packs/copilot-award-ui-pack/.github/prompts/tokens-and-typography.prompt.md,Packs/copilot-award-ui-pack/.github/prompts/tokens-and-typography.prompt.md,keep,canonical-no-change
Packs/copilot-award-ui-pack/.github/prompts/ui-brief.prompt.md,Packs/copilot-award-ui-pack/.github/prompts/ui-brief.prompt.md,keep,canonical-no-change
Packs/copilot-award-ui-pack/.github/skills/art-direction-intake-and-options/SKILL.md,Packs/copilot-award-ui-pack/.github/skills/art-direction-intake-and-options/SKILL.md,keep,canonical-no-change
Packs/copilot-award-ui-pack/.github/skills/art-direction-intake-and-options/templates/brief.md,Packs/copilot-award-ui-pack/.github/skills/art-direction-intake-and-options/templates/brief.md,keep,canonical-no-change
Packs/copilot-award-ui-pack/.github/skills/design-tokens-and-typography/SKILL.md,Packs/copilot-award-ui-pack/.github/skills/design-tokens-and-typography/SKILL.md,keep,canonical-no-change
Packs/copilot-award-ui-pack/.github/skills/design-tokens-and-typography/templates/type-scale.md,Packs/copilot-award-ui-pack/.github/skills/design-tokens-and-typography/templates/type-scale.md,keep,canonical-no-change
Packs/copilot-award-ui-pack/.github/skills/layout-composition-grid/SKILL.md,Packs/copilot-award-ui-pack/.github/skills/layout-composition-grid/SKILL.md,keep,canonical-no-change
Packs/copilot-award-ui-pack/.github/skills/layout-composition-grid/templates/grid-spec.md,Packs/copilot-award-ui-pack/.github/skills/layout-composition-grid/templates/grid-spec.md,keep,canonical-no-change
Packs/copilot-award-ui-pack/.github/skills/pixel-perfect-qa/SKILL.md,Packs/copilot-award-ui-pack/.github/skills/pixel-perfect-qa/SKILL.md,keep,canonical-no-change
Packs/copilot-award-ui-pack/.vscode/settings.json,Packs/copilot-award-ui-pack/.vscode/settings.json,keep,canonical-no-change
Packs/copilot-award-ui-pack/AGENTS.md,Packs/copilot-award-ui-pack/AGENTS.md,review,missing-frontmatter
Packs/copilot-award-ui-pack/llms.txt,Packs/copilot-award-ui-pack/llms.txt,keep,canonical-no-change
Packs/copilot-award-ui-pack/PACK_MANIFEST.json,Packs/copilot-award-ui-pack/PACK_MANIFEST.json,keep,canonical-no-change
Packs/copilot-award-ui-pack/README.md,Packs/copilot-award-ui-pack/README.md,keep,canonical-no-change
Packs/copilot-docs-librarian-pack/.github/agents/diagram-curator.agent.md,Packs/copilot-docs-librarian-pack/.github/agents/diagram-curator.agent.md,keep,canonical-no-change
Packs/copilot-docs-librarian-pack/.github/agents/diataxis-architect.agent.md,Packs/copilot-docs-librarian-pack/.github/agents/diataxis-architect.agent.md,keep,canonical-no-change
Packs/copilot-docs-librarian-pack/.github/agents/docs-librarian.agent.md,Packs/copilot-docs-librarian-pack/.github/agents/docs-librarian.agent.md,keep,canonical-no-change
Packs/copilot-docs-librarian-pack/.github/agents/docs-lint-runner.agent.md,Packs/copilot-docs-librarian-pack/.github/agents/docs-lint-runner.agent.md,keep,canonical-no-change
Packs/copilot-docs-librarian-pack/.github/agents/glossary-curator.agent.md,Packs/copilot-docs-librarian-pack/.github/agents/glossary-curator.agent.md,keep,canonical-no-change
Packs/copilot-docs-librarian-pack/.github/agents/style-enforcer.agent.md,Packs/copilot-docs-librarian-pack/.github/agents/style-enforcer.agent.md,keep,canonical-no-change
Packs/copilot-docs-librarian-pack/.github/copilot-instructions.md,Packs/copilot-docs-librarian-pack/.github/copilot-instructions.md,review,missing-frontmatter;duplicate-target-path
Packs/copilot-docs-librarian-pack/.github/prompts/add-diagrams.prompt.md,Packs/copilot-docs-librarian-pack/.github/prompts/add-diagrams.prompt.md,keep,canonical-no-change
Packs/copilot-docs-librarian-pack/.github/prompts/diataxis-restructure.prompt.md,Packs/copilot-docs-librarian-pack/.github/prompts/diataxis-restructure.prompt.md,keep,canonical-no-change
Packs/copilot-docs-librarian-pack/.github/prompts/docs-audit.prompt.md,Packs/copilot-docs-librarian-pack/.github/prompts/docs-audit.prompt.md,keep,canonical-no-change
Packs/copilot-docs-librarian-pack/.github/prompts/lint-docs.prompt.md,Packs/copilot-docs-librarian-pack/.github/prompts/lint-docs.prompt.md,keep,canonical-no-change
Packs/copilot-docs-librarian-pack/.github/prompts/refresh-docs.prompt.md,Packs/copilot-docs-librarian-pack/.github/prompts/refresh-docs.prompt.md,keep,canonical-no-change
Packs/copilot-docs-librarian-pack/.github/prompts/refresh-glossary.prompt.md,Packs/copilot-docs-librarian-pack/.github/prompts/refresh-glossary.prompt.md,keep,canonical-no-change
Packs/copilot-docs-librarian-pack/.github/prompts/style-sweep.prompt.md,Packs/copilot-docs-librarian-pack/.github/prompts/style-sweep.prompt.md,keep,canonical-no-change
Packs/copilot-docs-librarian-pack/.github/skills/diagram-and-glossary-coverage/SKILL.md,Packs/copilot-docs-librarian-pack/.github/skills/diagram-and-glossary-coverage/SKILL.md,keep,canonical-no-change
Packs/copilot-docs-librarian-pack/.github/skills/diagram-and-glossary-coverage/templates/glossary.md,Packs/copilot-docs-librarian-pack/.github/skills/diagram-and-glossary-coverage/templates/glossary.md,keep,canonical-no-change
Packs/copilot-docs-librarian-pack/.github/skills/diagram-and-glossary-coverage/templates/mermaid-snippets.md,Packs/copilot-docs-librarian-pack/.github/skills/diagram-and-glossary-coverage/templates/mermaid-snippets.md,keep,canonical-no-change
Packs/copilot-docs-librarian-pack/.github/skills/diataxis-maintenance/SKILL.md,Packs/copilot-docs-librarian-pack/.github/skills/diataxis-maintenance/SKILL.md,keep,canonical-no-change
Packs/copilot-docs-librarian-pack/.github/skills/diataxis-maintenance/templates/mode-templates.md,Packs/copilot-docs-librarian-pack/.github/skills/diataxis-maintenance/templates/mode-templates.md,keep,canonical-no-change
Packs/copilot-docs-librarian-pack/.github/skills/docs-sanity-check/SKILL.md,Packs/copilot-docs-librarian-pack/.github/skills/docs-sanity-check/SKILL.md,keep,canonical-no-change
Packs/copilot-docs-librarian-pack/.github/skills/style-and-lint-enforcement/SKILL.md,Packs/copilot-docs-librarian-pack/.github/skills/style-and-lint-enforcement/SKILL.md,keep,canonical-no-change
Packs/copilot-docs-librarian-pack/.github/skills/style-and-lint-enforcement/templates/markdownlint.json,Packs/copilot-docs-librarian-pack/.github/skills/style-and-lint-enforcement/templates/markdownlint.json,keep,canonical-no-change
Packs/copilot-docs-librarian-pack/.github/skills/style-and-lint-enforcement/templates/vale.ini,Packs/copilot-docs-librarian-pack/.github/skills/style-and-lint-enforcement/templates/vale.ini,keep,canonical-no-change
Packs/copilot-docs-librarian-pack/.markdownlint.json,Packs/copilot-docs-librarian-pack/.markdownlint.json,keep,canonical-no-change
Packs/copilot-docs-librarian-pack/.vale.ini,Packs/copilot-docs-librarian-pack/.vale.ini,keep,canonical-no-change
Packs/copilot-docs-librarian-pack/.vscode/settings.json,Packs/copilot-docs-librarian-pack/.vscode/settings.json,keep,canonical-no-change
Packs/copilot-docs-librarian-pack/AGENTS.md,Packs/copilot-docs-librarian-pack/AGENTS.md,review,missing-frontmatter
Packs/copilot-docs-librarian-pack/docs/glossary.md,Packs/copilot-docs-librarian-pack/docs/glossary.md,keep,canonical-no-change
Packs/copilot-docs-librarian-pack/llms.txt,Packs/copilot-docs-librarian-pack/llms.txt,keep,canonical-no-change
Packs/copilot-docs-librarian-pack/PACK_MANIFEST.json,Packs/copilot-docs-librarian-pack/PACK_MANIFEST.json,keep,canonical-no-change
Packs/copilot-docs-librarian-pack/README.md,Packs/copilot-docs-librarian-pack/README.md,keep,canonical-no-change
Packs/copilot-edge-case-vanguard-pack/.github/agents/edge-case-vanguard.agent.md,Packs/copilot-edge-case-vanguard-pack/.github/agents/edge-case-vanguard.agent.md,keep,canonical-no-change
Packs/copilot-edge-case-vanguard-pack/.github/prompts/chaos-experiments.prompt.md,Packs/copilot-edge-case-vanguard-pack/.github/prompts/chaos-experiments.prompt.md,keep,canonical-no-change
Packs/copilot-edge-case-vanguard-pack/.github/prompts/edge-inventory.prompt.md,Packs/copilot-edge-case-vanguard-pack/.github/prompts/edge-inventory.prompt.md,keep,canonical-no-change
Packs/copilot-edge-case-vanguard-pack/.github/prompts/fuzz-plan.prompt.md,Packs/copilot-edge-case-vanguard-pack/.github/prompts/fuzz-plan.prompt.md,keep,canonical-no-change
Packs/copilot-edge-case-vanguard-pack/.github/prompts/observability-gaps.prompt.md,Packs/copilot-edge-case-vanguard-pack/.github/prompts/observability-gaps.prompt.md,keep,canonical-no-change
Packs/copilot-edge-case-vanguard-pack/.github/prompts/one-slice.prompt.md,Packs/copilot-edge-case-vanguard-pack/.github/prompts/one-slice.prompt.md,keep,canonical-no-change
Packs/copilot-edge-case-vanguard-pack/.github/prompts/pbt-plan.prompt.md,Packs/copilot-edge-case-vanguard-pack/.github/prompts/pbt-plan.prompt.md,keep,canonical-no-change
Packs/copilot-edge-case-vanguard-pack/.github/skills/edge-case-vanguard/SKILL.md,Packs/copilot-edge-case-vanguard-pack/.github/skills/edge-case-vanguard/SKILL.md,keep,canonical-no-change
Packs/copilot-edge-case-vanguard-pack/llms.txt,Packs/copilot-edge-case-vanguard-pack/llms.txt,keep,canonical-no-change
Packs/copilot-edge-case-vanguard-pack/PACK_MANIFEST.json,Packs/copilot-edge-case-vanguard-pack/PACK_MANIFEST.json,keep,canonical-no-change
Packs/copilot-edge-case-vanguard-pack/README.md,Packs/copilot-edge-case-vanguard-pack/README.md,keep,canonical-no-change
Packs/copilot-github-bootstrap-pack/.github/agents/community-health-auditor.agent.md,Packs/copilot-github-bootstrap-pack/.github/agents/community-health-auditor.agent.md,keep,canonical-no-change
Packs/copilot-github-bootstrap-pack/.github/agents/dependabot-steward.agent.md,Packs/copilot-github-bootstrap-pack/.github/agents/dependabot-steward.agent.md,keep,canonical-no-change
Packs/copilot-github-bootstrap-pack/.github/agents/github-bootstrap-engineer.agent.md,Packs/copilot-github-bootstrap-pack/.github/agents/github-bootstrap-engineer.agent.md,keep,canonical-no-change
Packs/copilot-github-bootstrap-pack/.github/agents/ownership-marshal.agent.md,Packs/copilot-github-bootstrap-pack/.github/agents/ownership-marshal.agent.md,keep,canonical-no-change
Packs/copilot-github-bootstrap-pack/.github/agents/security-policy-editor.agent.md,Packs/copilot-github-bootstrap-pack/.github/agents/security-policy-editor.agent.md,keep,canonical-no-change
Packs/copilot-github-bootstrap-pack/.github/agents/template-curator.agent.md,Packs/copilot-github-bootstrap-pack/.github/agents/template-curator.agent.md,keep,canonical-no-change
Packs/copilot-github-bootstrap-pack/.github/CODEOWNERS,Packs/copilot-github-bootstrap-pack/.github/CODEOWNERS,keep,canonical-no-change
Packs/copilot-github-bootstrap-pack/.github/copilot-instructions.md,Packs/copilot-github-bootstrap-pack/.github/copilot-instructions.md,review,missing-frontmatter;duplicate-target-path
Packs/copilot-github-bootstrap-pack/.github/dependabot.yml,Packs/copilot-github-bootstrap-pack/.github/dependabot.yml,keep,canonical-no-change
Packs/copilot-github-bootstrap-pack/.github/ISSUE_TEMPLATE/bug-report.yml,Packs/copilot-github-bootstrap-pack/.github/ISSUE_TEMPLATE/bug-report.yml,keep,canonical-no-change
Packs/copilot-github-bootstrap-pack/.github/ISSUE_TEMPLATE/config.yml,Packs/copilot-github-bootstrap-pack/.github/ISSUE_TEMPLATE/config.yml,keep,canonical-no-change
Packs/copilot-github-bootstrap-pack/.github/ISSUE_TEMPLATE/docs.yml,Packs/copilot-github-bootstrap-pack/.github/ISSUE_TEMPLATE/docs.yml,keep,canonical-no-change
Packs/copilot-github-bootstrap-pack/.github/ISSUE_TEMPLATE/feature-request.yml,Packs/copilot-github-bootstrap-pack/.github/ISSUE_TEMPLATE/feature-request.yml,keep,canonical-no-change
Packs/copilot-github-bootstrap-pack/.github/prompts/add-issue-forms.prompt.md,Packs/copilot-github-bootstrap-pack/.github/prompts/add-issue-forms.prompt.md,keep,canonical-no-change
Packs/copilot-github-bootstrap-pack/.github/prompts/add-pr-template.prompt.md,Packs/copilot-github-bootstrap-pack/.github/prompts/add-pr-template.prompt.md,keep,canonical-no-change
Packs/copilot-github-bootstrap-pack/.github/prompts/community-profile-audit.prompt.md,Packs/copilot-github-bootstrap-pack/.github/prompts/community-profile-audit.prompt.md,keep,canonical-no-change
Packs/copilot-github-bootstrap-pack/.github/prompts/dependabot-policy.prompt.md,Packs/copilot-github-bootstrap-pack/.github/prompts/dependabot-policy.prompt.md,keep,canonical-no-change
Packs/copilot-github-bootstrap-pack/.github/prompts/github-bootstrap.prompt.md,Packs/copilot-github-bootstrap-pack/.github/prompts/github-bootstrap.prompt.md,keep,canonical-no-change
Packs/copilot-github-bootstrap-pack/.github/prompts/repo-settings-brief.prompt.md,Packs/copilot-github-bootstrap-pack/.github/prompts/repo-settings-brief.prompt.md,keep,canonical-no-change
Packs/copilot-github-bootstrap-pack/.github/prompts/setup-codeowners.prompt.md,Packs/copilot-github-bootstrap-pack/.github/prompts/setup-codeowners.prompt.md,keep,canonical-no-change
Packs/copilot-github-bootstrap-pack/.github/prompts/setup-security-policy.prompt.md,Packs/copilot-github-bootstrap-pack/.github/prompts/setup-security-policy.prompt.md,keep,canonical-no-change
Packs/copilot-github-bootstrap-pack/.github/PULL_REQUEST_TEMPLATE.md,Packs/copilot-github-bootstrap-pack/.github/PULL_REQUEST_TEMPLATE.md,keep,canonical-no-change
Packs/copilot-github-bootstrap-pack/.github/skills/codeowners-ownership/SKILL.md,Packs/copilot-github-bootstrap-pack/.github/skills/codeowners-ownership/SKILL.md,keep,canonical-no-change
Packs/copilot-github-bootstrap-pack/.github/skills/github-community-health/SKILL.md,Packs/copilot-github-bootstrap-pack/.github/skills/github-community-health/SKILL.md,keep,canonical-no-change
Packs/copilot-github-bootstrap-pack/.github/skills/issue-forms-and-templates/SKILL.md,Packs/copilot-github-bootstrap-pack/.github/skills/issue-forms-and-templates/SKILL.md,keep,canonical-no-change
Packs/copilot-github-bootstrap-pack/.github/skills/pr-template-and-review-contract/SKILL.md,Packs/copilot-github-bootstrap-pack/.github/skills/pr-template-and-review-contract/SKILL.md,keep,canonical-no-change
Packs/copilot-github-bootstrap-pack/.vscode/settings.json,Packs/copilot-github-bootstrap-pack/.vscode/settings.json,keep,canonical-no-change
Packs/copilot-github-bootstrap-pack/AGENTS.md,Packs/copilot-github-bootstrap-pack/AGENTS.md,review,missing-frontmatter
Packs/copilot-github-bootstrap-pack/CODE_OF_CONDUCT.md,Packs/copilot-github-bootstrap-pack/CODE_OF_CONDUCT.md,keep,canonical-no-change
Packs/copilot-github-bootstrap-pack/CONTRIBUTING.md,Packs/copilot-github-bootstrap-pack/CONTRIBUTING.md,keep,canonical-no-change
Packs/copilot-github-bootstrap-pack/docs/github/BOOTSTRAP.md,Packs/copilot-github-bootstrap-pack/docs/github/BOOTSTRAP.md,keep,canonical-no-change
Packs/copilot-github-bootstrap-pack/llms.txt,Packs/copilot-github-bootstrap-pack/llms.txt,keep,canonical-no-change
Packs/copilot-github-bootstrap-pack/PACK_MANIFEST.json,Packs/copilot-github-bootstrap-pack/PACK_MANIFEST.json,keep,canonical-no-change
Packs/copilot-github-bootstrap-pack/README.md,Packs/copilot-github-bootstrap-pack/README.md,keep,canonical-no-change
Packs/copilot-github-bootstrap-pack/SECURITY.md,Packs/copilot-github-bootstrap-pack/SECURITY.md,keep,canonical-no-change
Packs/copilot-github-bootstrap-pack/SUPPORT.md,Packs/copilot-github-bootstrap-pack/SUPPORT.md,keep,canonical-no-change
Packs/copilot-gold-standards-steward-pack/.github/agents/gold-standards-steward.agent.md,Packs/copilot-gold-standards-steward-pack/.github/agents/gold-standards-steward.agent.md,keep,canonical-no-change
Packs/copilot-gold-standards-steward-pack/.github/instructions/gs-small-cls.instructions.md,Packs/copilot-gold-standards-steward-pack/.github/instructions/gs-small-cls.instructions.md,keep,canonical-no-change
Packs/copilot-gold-standards-steward-pack/.github/prompts/audit-gold-standard.prompt.md,Packs/copilot-gold-standards-steward-pack/.github/prompts/audit-gold-standard.prompt.md,keep,canonical-no-change
Packs/copilot-gold-standards-steward-pack/.github/prompts/doctor-report.prompt.md,Packs/copilot-gold-standards-steward-pack/.github/prompts/doctor-report.prompt.md,keep,canonical-no-change
Packs/copilot-gold-standards-steward-pack/.github/prompts/gates-setup.prompt.md,Packs/copilot-gold-standards-steward-pack/.github/prompts/gates-setup.prompt.md,keep,canonical-no-change
Packs/copilot-gold-standards-steward-pack/.github/prompts/uplift-execute-slice.prompt.md,Packs/copilot-gold-standards-steward-pack/.github/prompts/uplift-execute-slice.prompt.md,keep,canonical-no-change
Packs/copilot-gold-standards-steward-pack/.github/prompts/uplift-plan.prompt.md,Packs/copilot-gold-standards-steward-pack/.github/prompts/uplift-plan.prompt.md,keep,canonical-no-change
Packs/copilot-gold-standards-steward-pack/.github/skills/gold-standards-steward/resources/baseline-scorecard.md,Packs/copilot-gold-standards-steward-pack/.github/skills/gold-standards-steward/resources/baseline-scorecard.md,keep,canonical-no-change
Packs/copilot-gold-standards-steward-pack/.github/skills/gold-standards-steward/resources/gates-checklist.md,Packs/copilot-gold-standards-steward-pack/.github/skills/gold-standards-steward/resources/gates-checklist.md,keep,canonical-no-change
Packs/copilot-gold-standards-steward-pack/.github/skills/gold-standards-steward/resources/uplift-slice.md,Packs/copilot-gold-standards-steward-pack/.github/skills/gold-standards-steward/resources/uplift-slice.md,keep,canonical-no-change
Packs/copilot-gold-standards-steward-pack/.github/skills/gold-standards-steward/SKILL.md,Packs/copilot-gold-standards-steward-pack/.github/skills/gold-standards-steward/SKILL.md,keep,canonical-no-change
Packs/copilot-gold-standards-steward-pack/llms.txt,Packs/copilot-gold-standards-steward-pack/llms.txt,keep,canonical-no-change
Packs/copilot-gold-standards-steward-pack/PACK_MANIFEST.json,Packs/copilot-gold-standards-steward-pack/PACK_MANIFEST.json,keep,canonical-no-change
Packs/copilot-gold-standards-steward-pack/README.md,Packs/copilot-gold-standards-steward-pack/README.md,keep,canonical-no-change
Packs/copilot-hooks-orchestrator-pack/.claude/settings.json,Packs/copilot-hooks-orchestrator-pack/.claude/settings.json,keep,canonical-no-change
Packs/copilot-hooks-orchestrator-pack/.claude/settings.local.json,Packs/copilot-hooks-orchestrator-pack/.claude/settings.local.json,keep,canonical-no-change
Packs/copilot-hooks-orchestrator-pack/.github/hooks/packman-hooks.json,Packs/copilot-hooks-orchestrator-pack/.github/hooks/packman-hooks.json,keep,canonical-no-change
Packs/copilot-hooks-orchestrator-pack/hooks/hooks.json,Packs/copilot-hooks-orchestrator-pack/hooks/hooks.json,keep,canonical-no-change
Packs/copilot-hooks-orchestrator-pack/hooks/README.md,Packs/copilot-hooks-orchestrator-pack/hooks/README.md,keep,canonical-no-change
Packs/copilot-hooks-orchestrator-pack/hooks/scripts/error-occurred.sh,Packs/copilot-hooks-orchestrator-pack/hooks/scripts/error-occurred.sh,keep,canonical-no-change
Packs/copilot-hooks-orchestrator-pack/hooks/scripts/pre-tool-use.sh,Packs/copilot-hooks-orchestrator-pack/hooks/scripts/pre-tool-use.sh,keep,canonical-no-change
Packs/copilot-hooks-orchestrator-pack/hooks/scripts/session-end.sh,Packs/copilot-hooks-orchestrator-pack/hooks/scripts/session-end.sh,keep,canonical-no-change
Packs/copilot-hooks-orchestrator-pack/hooks/scripts/session-start.sh,Packs/copilot-hooks-orchestrator-pack/hooks/scripts/session-start.sh,keep,canonical-no-change
Packs/copilot-hooks-orchestrator-pack/llms.txt,Packs/copilot-hooks-orchestrator-pack/llms.txt,keep,canonical-no-change
Packs/copilot-hooks-orchestrator-pack/PACK_MANIFEST.json,Packs/copilot-hooks-orchestrator-pack/PACK_MANIFEST.json,keep,canonical-no-change
Packs/copilot-hooks-orchestrator-pack/README.md,Packs/copilot-hooks-orchestrator-pack/README.md,keep,canonical-no-change
Packs/copilot-interface-wiring-pack/.github/agents/api-contract-analyst.agent.md,Packs/copilot-interface-wiring-pack/.github/agents/api-contract-analyst.agent.md,keep,canonical-no-change
Packs/copilot-interface-wiring-pack/.github/agents/integration-reviewer.agent.md,Packs/copilot-interface-wiring-pack/.github/agents/integration-reviewer.agent.md,keep,canonical-no-change
Packs/copilot-interface-wiring-pack/.github/agents/integration-tester.agent.md,Packs/copilot-interface-wiring-pack/.github/agents/integration-tester.agent.md,keep,canonical-no-change
Packs/copilot-interface-wiring-pack/.github/agents/interface-wireup.agent.md,Packs/copilot-interface-wiring-pack/.github/agents/interface-wireup.agent.md,keep,canonical-no-change
Packs/copilot-interface-wiring-pack/.github/agents/ui-integrator.agent.md,Packs/copilot-interface-wiring-pack/.github/agents/ui-integrator.agent.md,keep,canonical-no-change
Packs/copilot-interface-wiring-pack/.github/copilot-instructions.md,Packs/copilot-interface-wiring-pack/.github/copilot-instructions.md,review,missing-frontmatter;duplicate-target-path
Packs/copilot-interface-wiring-pack/.github/prompts/add-mocks.prompt.md,Packs/copilot-interface-wiring-pack/.github/prompts/add-mocks.prompt.md,keep,canonical-no-change
Packs/copilot-interface-wiring-pack/.github/prompts/api-contract.prompt.md,Packs/copilot-interface-wiring-pack/.github/prompts/api-contract.prompt.md,keep,canonical-no-change
Packs/copilot-interface-wiring-pack/.github/prompts/generate-typed-client.prompt.md,Packs/copilot-interface-wiring-pack/.github/prompts/generate-typed-client.prompt.md,keep,canonical-no-change
Packs/copilot-interface-wiring-pack/.github/prompts/integration-test.prompt.md,Packs/copilot-interface-wiring-pack/.github/prompts/integration-test.prompt.md,keep,canonical-no-change
Packs/copilot-interface-wiring-pack/.github/prompts/wire-up-feature.prompt.md,Packs/copilot-interface-wiring-pack/.github/prompts/wire-up-feature.prompt.md,keep,canonical-no-change
Packs/copilot-interface-wiring-pack/.github/skills/contract-first-integration/SKILL.md,Packs/copilot-interface-wiring-pack/.github/skills/contract-first-integration/SKILL.md,keep,canonical-no-change
Packs/copilot-interface-wiring-pack/.github/skills/contract-first-integration/templates/contract.md,Packs/copilot-interface-wiring-pack/.github/skills/contract-first-integration/templates/contract.md,keep,canonical-no-change
Packs/copilot-interface-wiring-pack/.github/skills/contract-first-integration/templates/error-taxonomy.md,Packs/copilot-interface-wiring-pack/.github/skills/contract-first-integration/templates/error-taxonomy.md,keep,canonical-no-change
Packs/copilot-interface-wiring-pack/.github/skills/integration-testing-seams/SKILL.md,Packs/copilot-interface-wiring-pack/.github/skills/integration-testing-seams/SKILL.md,keep,canonical-no-change
Packs/copilot-interface-wiring-pack/.github/skills/integration-testing-seams/templates/test-plan.md,Packs/copilot-interface-wiring-pack/.github/skills/integration-testing-seams/templates/test-plan.md,keep,canonical-no-change
Packs/copilot-interface-wiring-pack/.github/skills/ui-backend-wiring-workflow/SKILL.md,Packs/copilot-interface-wiring-pack/.github/skills/ui-backend-wiring-workflow/SKILL.md,keep,canonical-no-change
Packs/copilot-interface-wiring-pack/.github/skills/ui-backend-wiring-workflow/templates/mapping-table.md,Packs/copilot-interface-wiring-pack/.github/skills/ui-backend-wiring-workflow/templates/mapping-table.md,keep,canonical-no-change
Packs/copilot-interface-wiring-pack/.github/skills/ui-backend-wiring-workflow/templates/state-matrix.md,Packs/copilot-interface-wiring-pack/.github/skills/ui-backend-wiring-workflow/templates/state-matrix.md,keep,canonical-no-change
Packs/copilot-interface-wiring-pack/.vscode/settings.json,Packs/copilot-interface-wiring-pack/.vscode/settings.json,keep,canonical-no-change
Packs/copilot-interface-wiring-pack/AGENTS.md,Packs/copilot-interface-wiring-pack/AGENTS.md,review,missing-frontmatter
Packs/copilot-interface-wiring-pack/llms.txt,Packs/copilot-interface-wiring-pack/llms.txt,keep,canonical-no-change
Packs/copilot-interface-wiring-pack/PACK_MANIFEST.json,Packs/copilot-interface-wiring-pack/PACK_MANIFEST.json,keep,canonical-no-change
Packs/copilot-interface-wiring-pack/README.md,Packs/copilot-interface-wiring-pack/README.md,keep,canonical-no-change
Packs/copilot-observability-incident-pack/.github/agents/dora-reporter.agent.md,Packs/copilot-observability-incident-pack/.github/agents/dora-reporter.agent.md,keep,canonical-no-change
Packs/copilot-observability-incident-pack/.github/agents/incident-commander-coach.agent.md,Packs/copilot-observability-incident-pack/.github/agents/incident-commander-coach.agent.md,keep,canonical-no-change
Packs/copilot-observability-incident-pack/.github/agents/observability-lead.agent.md,Packs/copilot-observability-incident-pack/.github/agents/observability-lead.agent.md,keep,canonical-no-change
Packs/copilot-observability-incident-pack/.github/agents/otel-instrumentation-engineer.agent.md,Packs/copilot-observability-incident-pack/.github/agents/otel-instrumentation-engineer.agent.md,keep,canonical-no-change
Packs/copilot-observability-incident-pack/.github/agents/postmortem-editor.agent.md,Packs/copilot-observability-incident-pack/.github/agents/postmortem-editor.agent.md,keep,canonical-no-change
Packs/copilot-observability-incident-pack/.github/agents/slo-alert-designer.agent.md,Packs/copilot-observability-incident-pack/.github/agents/slo-alert-designer.agent.md,keep,canonical-no-change
Packs/copilot-observability-incident-pack/.github/copilot-instructions.md,Packs/copilot-observability-incident-pack/.github/copilot-instructions.md,review,missing-frontmatter;duplicate-target-path
Packs/copilot-observability-incident-pack/.github/prompts/define-slos.prompt.md,Packs/copilot-observability-incident-pack/.github/prompts/define-slos.prompt.md,keep,canonical-no-change
Packs/copilot-observability-incident-pack/.github/prompts/dora-review.prompt.md,Packs/copilot-observability-incident-pack/.github/prompts/dora-review.prompt.md,keep,canonical-no-change
Packs/copilot-observability-incident-pack/.github/prompts/incident-triage.prompt.md,Packs/copilot-observability-incident-pack/.github/prompts/incident-triage.prompt.md,keep,canonical-no-change
Packs/copilot-observability-incident-pack/.github/prompts/instrument-service.prompt.md,Packs/copilot-observability-incident-pack/.github/prompts/instrument-service.prompt.md,keep,canonical-no-change
Packs/copilot-observability-incident-pack/.github/prompts/observability-brief.prompt.md,Packs/copilot-observability-incident-pack/.github/prompts/observability-brief.prompt.md,keep,canonical-no-change
Packs/copilot-observability-incident-pack/.github/prompts/observability-ship.prompt.md,Packs/copilot-observability-incident-pack/.github/prompts/observability-ship.prompt.md,keep,canonical-no-change
Packs/copilot-observability-incident-pack/.github/prompts/write-postmortem.prompt.md,Packs/copilot-observability-incident-pack/.github/prompts/write-postmortem.prompt.md,keep,canonical-no-change
Packs/copilot-observability-incident-pack/.github/skills/dora-metrics-definition/SKILL.md,Packs/copilot-observability-incident-pack/.github/skills/dora-metrics-definition/SKILL.md,keep,canonical-no-change
Packs/copilot-observability-incident-pack/.github/skills/dora-metrics-definition/templates/dora.md,Packs/copilot-observability-incident-pack/.github/skills/dora-metrics-definition/templates/dora.md,keep,canonical-no-change
Packs/copilot-observability-incident-pack/.github/skills/incident-triage-and-timeline/SKILL.md,Packs/copilot-observability-incident-pack/.github/skills/incident-triage-and-timeline/SKILL.md,keep,canonical-no-change
Packs/copilot-observability-incident-pack/.github/skills/incident-triage-and-timeline/templates/live-checklist.md,Packs/copilot-observability-incident-pack/.github/skills/incident-triage-and-timeline/templates/live-checklist.md,keep,canonical-no-change
Packs/copilot-observability-incident-pack/.github/skills/incident-triage-and-timeline/templates/timeline.md,Packs/copilot-observability-incident-pack/.github/skills/incident-triage-and-timeline/templates/timeline.md,keep,canonical-no-change
Packs/copilot-observability-incident-pack/.github/skills/otel-semantic-conventions/SKILL.md,Packs/copilot-observability-incident-pack/.github/skills/otel-semantic-conventions/SKILL.md,keep,canonical-no-change
Packs/copilot-observability-incident-pack/.github/skills/otel-semantic-conventions/templates/span-attribute-map.md,Packs/copilot-observability-incident-pack/.github/skills/otel-semantic-conventions/templates/span-attribute-map.md,keep,canonical-no-change
Packs/copilot-observability-incident-pack/.github/skills/postmortems-and-action-items/SKILL.md,Packs/copilot-observability-incident-pack/.github/skills/postmortems-and-action-items/SKILL.md,keep,canonical-no-change
Packs/copilot-observability-incident-pack/.github/skills/postmortems-and-action-items/templates/action-items.md,Packs/copilot-observability-incident-pack/.github/skills/postmortems-and-action-items/templates/action-items.md,keep,canonical-no-change
Packs/copilot-observability-incident-pack/.github/skills/postmortems-and-action-items/templates/postmortem.md,Packs/copilot-observability-incident-pack/.github/skills/postmortems-and-action-items/templates/postmortem.md,keep,canonical-no-change
Packs/copilot-observability-incident-pack/.github/skills/slo-alerting-runbooks/SKILL.md,Packs/copilot-observability-incident-pack/.github/skills/slo-alerting-runbooks/SKILL.md,keep,canonical-no-change
Packs/copilot-observability-incident-pack/.github/skills/slo-alerting-runbooks/templates/alert-rubric.md,Packs/copilot-observability-incident-pack/.github/skills/slo-alerting-runbooks/templates/alert-rubric.md,keep,canonical-no-change
Packs/copilot-observability-incident-pack/.github/skills/slo-alerting-runbooks/templates/runbook.md,Packs/copilot-observability-incident-pack/.github/skills/slo-alerting-runbooks/templates/runbook.md,keep,canonical-no-change
Packs/copilot-observability-incident-pack/.github/skills/slo-alerting-runbooks/templates/slo-table.md,Packs/copilot-observability-incident-pack/.github/skills/slo-alerting-runbooks/templates/slo-table.md,keep,canonical-no-change
Packs/copilot-observability-incident-pack/.vscode/settings.json,Packs/copilot-observability-incident-pack/.vscode/settings.json,keep,canonical-no-change
Packs/copilot-observability-incident-pack/AGENTS.md,Packs/copilot-observability-incident-pack/AGENTS.md,review,missing-frontmatter
Packs/copilot-observability-incident-pack/docs/ops/OBSERVABILITY.md,Packs/copilot-observability-incident-pack/docs/ops/OBSERVABILITY.md,keep,canonical-no-change
Packs/copilot-observability-incident-pack/docs/ops/POSTMORTEM_TEMPLATE.md,Packs/copilot-observability-incident-pack/docs/ops/POSTMORTEM_TEMPLATE.md,keep,canonical-no-change
Packs/copilot-observability-incident-pack/llms.txt,Packs/copilot-observability-incident-pack/llms.txt,keep,canonical-no-change
Packs/copilot-observability-incident-pack/PACK_MANIFEST.json,Packs/copilot-observability-incident-pack/PACK_MANIFEST.json,keep,canonical-no-change
Packs/copilot-observability-incident-pack/README.md,Packs/copilot-observability-incident-pack/README.md,keep,canonical-no-change
Packs/copilot-policy-kernel-hooks-pack/.claude/settings.json,Packs/copilot-policy-kernel-hooks-pack/.claude/settings.json,keep,canonical-no-change
Packs/copilot-policy-kernel-hooks-pack/.claude/settings.local.json,Packs/copilot-policy-kernel-hooks-pack/.claude/settings.local.json,keep,canonical-no-change
Packs/copilot-policy-kernel-hooks-pack/.github/hooks/policy-kernel-hooks.json,Packs/copilot-policy-kernel-hooks-pack/.github/hooks/policy-kernel-hooks.json,keep,canonical-no-change
Packs/copilot-policy-kernel-hooks-pack/llms.txt,Packs/copilot-policy-kernel-hooks-pack/llms.txt,keep,canonical-no-change
Packs/copilot-policy-kernel-hooks-pack/PACK_MANIFEST.json,Packs/copilot-policy-kernel-hooks-pack/PACK_MANIFEST.json,keep,canonical-no-change
Packs/copilot-policy-kernel-hooks-pack/README.md,Packs/copilot-policy-kernel-hooks-pack/README.md,keep,canonical-no-change
Packs/copilot-policy-kernel-pack/.github/copilot-instructions.md,Packs/copilot-policy-kernel-pack/.github/copilot-instructions.md,review,missing-frontmatter;duplicate-target-path
Packs/copilot-policy-kernel-pack/.github/instructions/00-repo-core.instructions.md,Packs/copilot-policy-kernel-pack/.github/instructions/00-repo-core.instructions.md,keep,canonical-no-change
Packs/copilot-policy-kernel-pack/.github/skills/repo-core-policy/resources/policy-checklist.md,Packs/copilot-policy-kernel-pack/.github/skills/repo-core-policy/resources/policy-checklist.md,keep,canonical-no-change
Packs/copilot-policy-kernel-pack/.github/skills/repo-core-policy/scripts/policy-self-check.sh,Packs/copilot-policy-kernel-pack/.github/skills/repo-core-policy/scripts/policy-self-check.sh,keep,canonical-no-change
Packs/copilot-policy-kernel-pack/.github/skills/repo-core-policy/SKILL.md,Packs/copilot-policy-kernel-pack/.github/skills/repo-core-policy/SKILL.md,keep,canonical-no-change
Packs/copilot-policy-kernel-pack/.vscode/settings.json,Packs/copilot-policy-kernel-pack/.vscode/settings.json,keep,canonical-no-change
Packs/copilot-policy-kernel-pack/llms.txt,Packs/copilot-policy-kernel-pack/llms.txt,keep,canonical-no-change
Packs/copilot-policy-kernel-pack/PACK_MANIFEST.json,Packs/copilot-policy-kernel-pack/PACK_MANIFEST.json,keep,canonical-no-change
Packs/copilot-policy-kernel-pack/README.md,Packs/copilot-policy-kernel-pack/README.md,keep,canonical-no-change
Packs/copilot-policy-kernel-pack/tools/validate-instructions.py,Packs/copilot-policy-kernel-pack/tools/validate-instructions.py,keep,canonical-no-change
Packs/copilot-polish-tightening-pack/.github/agents/consistency-enforcer.agent.md,Packs/copilot-polish-tightening-pack/.github/agents/consistency-enforcer.agent.md,keep,canonical-no-change
Packs/copilot-polish-tightening-pack/.github/agents/nit-hunter.agent.md,Packs/copilot-polish-tightening-pack/.github/agents/nit-hunter.agent.md,keep,canonical-no-change
Packs/copilot-polish-tightening-pack/.github/agents/polish-gate-reviewer.agent.md,Packs/copilot-polish-tightening-pack/.github/agents/polish-gate-reviewer.agent.md,keep,canonical-no-change
Packs/copilot-polish-tightening-pack/.github/agents/polish-tightening-engineer.agent.md,Packs/copilot-polish-tightening-pack/.github/agents/polish-tightening-engineer.agent.md,keep,canonical-no-change
Packs/copilot-polish-tightening-pack/.github/agents/refactor-surgeon.agent.md,Packs/copilot-polish-tightening-pack/.github/agents/refactor-surgeon.agent.md,keep,canonical-no-change
Packs/copilot-polish-tightening-pack/.github/agents/small-cl-slicer.agent.md,Packs/copilot-polish-tightening-pack/.github/agents/small-cl-slicer.agent.md,keep,canonical-no-change
Packs/copilot-polish-tightening-pack/.github/copilot-instructions.md,Packs/copilot-polish-tightening-pack/.github/copilot-instructions.md,review,missing-frontmatter;duplicate-target-path
Packs/copilot-polish-tightening-pack/.github/prompts/consistency-pass.prompt.md,Packs/copilot-polish-tightening-pack/.github/prompts/consistency-pass.prompt.md,keep,canonical-no-change
Packs/copilot-polish-tightening-pack/.github/prompts/nit-sweep.prompt.md,Packs/copilot-polish-tightening-pack/.github/prompts/nit-sweep.prompt.md,keep,canonical-no-change
Packs/copilot-polish-tightening-pack/.github/prompts/polish-brief.prompt.md,Packs/copilot-polish-tightening-pack/.github/prompts/polish-brief.prompt.md,keep,canonical-no-change
Packs/copilot-polish-tightening-pack/.github/prompts/polish-review.prompt.md,Packs/copilot-polish-tightening-pack/.github/prompts/polish-review.prompt.md,keep,canonical-no-change
Packs/copilot-polish-tightening-pack/.github/prompts/polish-ship.prompt.md,Packs/copilot-polish-tightening-pack/.github/prompts/polish-ship.prompt.md,keep,canonical-no-change
Packs/copilot-polish-tightening-pack/.github/prompts/refactor-safely.prompt.md,Packs/copilot-polish-tightening-pack/.github/prompts/refactor-safely.prompt.md,keep,canonical-no-change
Packs/copilot-polish-tightening-pack/.github/prompts/slice-small-cls.prompt.md,Packs/copilot-polish-tightening-pack/.github/prompts/slice-small-cls.prompt.md,keep,canonical-no-change
Packs/copilot-polish-tightening-pack/.github/skills/operational-tidiness-12factor-inspired/SKILL.md,Packs/copilot-polish-tightening-pack/.github/skills/operational-tidiness-12factor-inspired/SKILL.md,keep,canonical-no-change
Packs/copilot-polish-tightening-pack/.github/skills/polish-checklist/SKILL.md,Packs/copilot-polish-tightening-pack/.github/skills/polish-checklist/SKILL.md,keep,canonical-no-change
Packs/copilot-polish-tightening-pack/.github/skills/refactoring-baby-steps/SKILL.md,Packs/copilot-polish-tightening-pack/.github/skills/refactoring-baby-steps/SKILL.md,keep,canonical-no-change
Packs/copilot-polish-tightening-pack/.github/skills/refactoring-baby-steps/templates/refactor-plan.md,Packs/copilot-polish-tightening-pack/.github/skills/refactoring-baby-steps/templates/refactor-plan.md,keep,canonical-no-change
Packs/copilot-polish-tightening-pack/.github/skills/small-change-discipline/SKILL.md,Packs/copilot-polish-tightening-pack/.github/skills/small-change-discipline/SKILL.md,keep,canonical-no-change
Packs/copilot-polish-tightening-pack/.github/skills/small-change-discipline/templates/slice-plan.md,Packs/copilot-polish-tightening-pack/.github/skills/small-change-discipline/templates/slice-plan.md,keep,canonical-no-change
Packs/copilot-polish-tightening-pack/.vscode/settings.json,Packs/copilot-polish-tightening-pack/.vscode/settings.json,keep,canonical-no-change
Packs/copilot-polish-tightening-pack/AGENTS.md,Packs/copilot-polish-tightening-pack/AGENTS.md,review,missing-frontmatter
Packs/copilot-polish-tightening-pack/docs/polish/POLISH_ENGINEERING.md,Packs/copilot-polish-tightening-pack/docs/polish/POLISH_ENGINEERING.md,keep,canonical-no-change
Packs/copilot-polish-tightening-pack/llms.txt,Packs/copilot-polish-tightening-pack/llms.txt,keep,canonical-no-change
Packs/copilot-polish-tightening-pack/PACK_MANIFEST.json,Packs/copilot-polish-tightening-pack/PACK_MANIFEST.json,keep,canonical-no-change
Packs/copilot-polish-tightening-pack/README.md,Packs/copilot-polish-tightening-pack/README.md,keep,canonical-no-change
Packs/copilot-project-management-planning-pack/.github/agents/execution-gate-reviewer.agent.md,Packs/copilot-project-management-planning-pack/.github/agents/execution-gate-reviewer.agent.md,keep,canonical-no-change
Packs/copilot-project-management-planning-pack/.github/agents/project-planning-lead.agent.md,Packs/copilot-project-management-planning-pack/.github/agents/project-planning-lead.agent.md,keep,canonical-no-change
Packs/copilot-project-management-planning-pack/.github/agents/risk-dependency-coordinator.agent.md,Packs/copilot-project-management-planning-pack/.github/agents/risk-dependency-coordinator.agent.md,keep,canonical-no-change
Packs/copilot-project-management-planning-pack/.github/agents/scope-clarifier.agent.md,Packs/copilot-project-management-planning-pack/.github/agents/scope-clarifier.agent.md,keep,canonical-no-change
Packs/copilot-project-management-planning-pack/.github/agents/work-breakdown-planner.agent.md,Packs/copilot-project-management-planning-pack/.github/agents/work-breakdown-planner.agent.md,keep,canonical-no-change
Packs/copilot-project-management-planning-pack/.github/copilot-instructions.md,Packs/copilot-project-management-planning-pack/.github/copilot-instructions.md,review,missing-frontmatter;duplicate-target-path
Packs/copilot-project-management-planning-pack/.github/prompts/checkpoint-review.prompt.md,Packs/copilot-project-management-planning-pack/.github/prompts/checkpoint-review.prompt.md,keep,canonical-no-change
Packs/copilot-project-management-planning-pack/.github/prompts/planning-brief.prompt.md,Packs/copilot-project-management-planning-pack/.github/prompts/planning-brief.prompt.md,keep,canonical-no-change
Packs/copilot-project-management-planning-pack/.github/prompts/planning-replan.prompt.md,Packs/copilot-project-management-planning-pack/.github/prompts/planning-replan.prompt.md,keep,canonical-no-change
Packs/copilot-project-management-planning-pack/.github/prompts/planning-ship.prompt.md,Packs/copilot-project-management-planning-pack/.github/prompts/planning-ship.prompt.md,keep,canonical-no-change
Packs/copilot-project-management-planning-pack/.github/prompts/variance-triage.prompt.md,Packs/copilot-project-management-planning-pack/.github/prompts/variance-triage.prompt.md,keep,canonical-no-change
Packs/copilot-project-management-planning-pack/.github/skills/dependency-critical-path-mapping/SKILL.md,Packs/copilot-project-management-planning-pack/.github/skills/dependency-critical-path-mapping/SKILL.md,keep,canonical-no-change
Packs/copilot-project-management-planning-pack/.github/skills/dependency-critical-path-mapping/templates/dependency-map.md,Packs/copilot-project-management-planning-pack/.github/skills/dependency-critical-path-mapping/templates/dependency-map.md,keep,canonical-no-change
Packs/copilot-project-management-planning-pack/.github/skills/execution-gate-checklist/SKILL.md,Packs/copilot-project-management-planning-pack/.github/skills/execution-gate-checklist/SKILL.md,keep,canonical-no-change
Packs/copilot-project-management-planning-pack/.github/skills/execution-gate-checklist/templates/gate-checklist.md,Packs/copilot-project-management-planning-pack/.github/skills/execution-gate-checklist/templates/gate-checklist.md,keep,canonical-no-change
Packs/copilot-project-management-planning-pack/.github/skills/project-plan-contract/SKILL.md,Packs/copilot-project-management-planning-pack/.github/skills/project-plan-contract/SKILL.md,keep,canonical-no-change
Packs/copilot-project-management-planning-pack/.github/skills/project-plan-contract/templates/project-plan.md,Packs/copilot-project-management-planning-pack/.github/skills/project-plan-contract/templates/project-plan.md,keep,canonical-no-change
Packs/copilot-project-management-planning-pack/.github/skills/variance-and-backpedal-management/SKILL.md,Packs/copilot-project-management-planning-pack/.github/skills/variance-and-backpedal-management/SKILL.md,keep,canonical-no-change
Packs/copilot-project-management-planning-pack/.github/skills/variance-and-backpedal-management/templates/replan-delta.md,Packs/copilot-project-management-planning-pack/.github/skills/variance-and-backpedal-management/templates/replan-delta.md,keep,canonical-no-change
Packs/copilot-project-management-planning-pack/.github/skills/variance-and-backpedal-management/templates/variance-log.md,Packs/copilot-project-management-planning-pack/.github/skills/variance-and-backpedal-management/templates/variance-log.md,keep,canonical-no-change
Packs/copilot-project-management-planning-pack/.vscode/settings.json,Packs/copilot-project-management-planning-pack/.vscode/settings.json,keep,canonical-no-change
Packs/copilot-project-management-planning-pack/AGENTS.md,Packs/copilot-project-management-planning-pack/AGENTS.md,review,missing-frontmatter
Packs/copilot-project-management-planning-pack/docs/planning/PROJECT_PLANNING.md,Packs/copilot-project-management-planning-pack/docs/planning/PROJECT_PLANNING.md,keep,canonical-no-change
Packs/copilot-project-management-planning-pack/llms.txt,Packs/copilot-project-management-planning-pack/llms.txt,keep,canonical-no-change
Packs/copilot-project-management-planning-pack/PACK_MANIFEST.json,Packs/copilot-project-management-planning-pack/PACK_MANIFEST.json,keep,canonical-no-change
Packs/copilot-project-management-planning-pack/README.md,Packs/copilot-project-management-planning-pack/README.md,keep,canonical-no-change
Packs/copilot-project-scaffolding-pack/.github/agents/project-scaffolding-architect.agent.md,Packs/copilot-project-scaffolding-pack/.github/agents/project-scaffolding-architect.agent.md,keep,canonical-no-change
Packs/copilot-project-scaffolding-pack/.github/agents/projen-synthesizer.agent.md,Packs/copilot-project-scaffolding-pack/.github/agents/projen-synthesizer.agent.md,keep,canonical-no-change
Packs/copilot-project-scaffolding-pack/.github/agents/repospec-composer.agent.md,Packs/copilot-project-scaffolding-pack/.github/agents/repospec-composer.agent.md,keep,canonical-no-change
Packs/copilot-project-scaffolding-pack/.github/agents/scaffold-auditor.agent.md,Packs/copilot-project-scaffolding-pack/.github/agents/scaffold-auditor.agent.md,keep,canonical-no-change
Packs/copilot-project-scaffolding-pack/.github/agents/scaffold-profile-selector.agent.md,Packs/copilot-project-scaffolding-pack/.github/agents/scaffold-profile-selector.agent.md,keep,canonical-no-change
Packs/copilot-project-scaffolding-pack/.github/copilot-instructions.md,Packs/copilot-project-scaffolding-pack/.github/copilot-instructions.md,review,missing-frontmatter;duplicate-target-path
Packs/copilot-project-scaffolding-pack/.github/prompts/choose-scaffold-profile.prompt.md,Packs/copilot-project-scaffolding-pack/.github/prompts/choose-scaffold-profile.prompt.md,keep,canonical-no-change
Packs/copilot-project-scaffolding-pack/.github/prompts/projen-synth.prompt.md,Packs/copilot-project-scaffolding-pack/.github/prompts/projen-synth.prompt.md,keep,canonical-no-change
Packs/copilot-project-scaffolding-pack/.github/prompts/scaffold-audit.prompt.md,Packs/copilot-project-scaffolding-pack/.github/prompts/scaffold-audit.prompt.md,keep,canonical-no-change
Packs/copilot-project-scaffolding-pack/.github/prompts/scaffold-brief.prompt.md,Packs/copilot-project-scaffolding-pack/.github/prompts/scaffold-brief.prompt.md,keep,canonical-no-change
Packs/copilot-project-scaffolding-pack/.github/prompts/scaffold-new.prompt.md,Packs/copilot-project-scaffolding-pack/.github/prompts/scaffold-new.prompt.md,keep,canonical-no-change
Packs/copilot-project-scaffolding-pack/.github/skills/projen-scaffolding/SKILL.md,Packs/copilot-project-scaffolding-pack/.github/skills/projen-scaffolding/SKILL.md,keep,canonical-no-change
Packs/copilot-project-scaffolding-pack/.github/skills/projen-scaffolding/templates/projen-checklist.md,Packs/copilot-project-scaffolding-pack/.github/skills/projen-scaffolding/templates/projen-checklist.md,keep,canonical-no-change
Packs/copilot-project-scaffolding-pack/.github/skills/repospec-contract/SKILL.md,Packs/copilot-project-scaffolding-pack/.github/skills/repospec-contract/SKILL.md,keep,canonical-no-change
Packs/copilot-project-scaffolding-pack/.github/skills/repospec-contract/templates/repospec.md,Packs/copilot-project-scaffolding-pack/.github/skills/repospec-contract/templates/repospec.md,keep,canonical-no-change
Packs/copilot-project-scaffolding-pack/.github/skills/scaffold-profile-catalogue/SKILL.md,Packs/copilot-project-scaffolding-pack/.github/skills/scaffold-profile-catalogue/SKILL.md,keep,canonical-no-change
Packs/copilot-project-scaffolding-pack/.vscode/settings.json,Packs/copilot-project-scaffolding-pack/.vscode/settings.json,keep,canonical-no-change
Packs/copilot-project-scaffolding-pack/AGENTS.md,Packs/copilot-project-scaffolding-pack/AGENTS.md,review,missing-frontmatter
Packs/copilot-project-scaffolding-pack/docs/scaffolding/README.md,Packs/copilot-project-scaffolding-pack/docs/scaffolding/README.md,keep,canonical-no-change
Packs/copilot-project-scaffolding-pack/llms.txt,Packs/copilot-project-scaffolding-pack/llms.txt,keep,canonical-no-change
Packs/copilot-project-scaffolding-pack/PACK_MANIFEST.json,Packs/copilot-project-scaffolding-pack/PACK_MANIFEST.json,keep,canonical-no-change
Packs/copilot-project-scaffolding-pack/README.md,Packs/copilot-project-scaffolding-pack/README.md,keep,canonical-no-change
Packs/copilot-prompt-library-pack/.github/copilot-instructions.md,Packs/copilot-prompt-library-pack/.github/copilot-instructions.md,review,missing-frontmatter;duplicate-target-path
Packs/copilot-prompt-library-pack/.github/prompts/audit/audit-repo-health.prompt.md,Packs/copilot-prompt-library-pack/.github/prompts/audit/audit-repo-health.prompt.md,keep,canonical-no-change
Packs/copilot-prompt-library-pack/.github/prompts/audit/audit-security-basics.prompt.md,Packs/copilot-prompt-library-pack/.github/prompts/audit/audit-security-basics.prompt.md,keep,canonical-no-change
Packs/copilot-prompt-library-pack/.github/prompts/audit/audit-ui-a11y.prompt.md,Packs/copilot-prompt-library-pack/.github/prompts/audit/audit-ui-a11y.prompt.md,keep,canonical-no-change
Packs/copilot-prompt-library-pack/.github/prompts/brief/brief-acceptance.prompt.md,Packs/copilot-prompt-library-pack/.github/prompts/brief/brief-acceptance.prompt.md,keep,canonical-no-change
Packs/copilot-prompt-library-pack/.github/prompts/brief/brief-clarify.prompt.md,Packs/copilot-prompt-library-pack/.github/prompts/brief/brief-clarify.prompt.md,keep,canonical-no-change
Packs/copilot-prompt-library-pack/.github/prompts/gh/gh-bootstrap.prompt.md,Packs/copilot-prompt-library-pack/.github/prompts/gh/gh-bootstrap.prompt.md,keep,canonical-no-change
Packs/copilot-prompt-library-pack/.github/prompts/gov/gov-ship.prompt.md,Packs/copilot-prompt-library-pack/.github/prompts/gov/gov-ship.prompt.md,keep,canonical-no-change
Packs/copilot-prompt-library-pack/.github/prompts/obs/obs-ship.prompt.md,Packs/copilot-prompt-library-pack/.github/prompts/obs/obs-ship.prompt.md,keep,canonical-no-change
Packs/copilot-prompt-library-pack/.github/prompts/polish/polish-ship.prompt.md,Packs/copilot-prompt-library-pack/.github/prompts/polish/polish-ship.prompt.md,keep,canonical-no-change
Packs/copilot-prompt-library-pack/.github/prompts/qa/qa-ship.prompt.md,Packs/copilot-prompt-library-pack/.github/prompts/qa/qa-ship.prompt.md,keep,canonical-no-change
Packs/copilot-prompt-library-pack/.github/prompts/rel/rel-ship.prompt.md,Packs/copilot-prompt-library-pack/.github/prompts/rel/rel-ship.prompt.md,keep,canonical-no-change
Packs/copilot-prompt-library-pack/.github/prompts/scaffold/scaffold-new.prompt.md,Packs/copilot-prompt-library-pack/.github/prompts/scaffold/scaffold-new.prompt.md,keep,canonical-no-change
Packs/copilot-prompt-library-pack/.github/prompts/sec/sec-ship.prompt.md,Packs/copilot-prompt-library-pack/.github/prompts/sec/sec-ship.prompt.md,keep,canonical-no-change
Packs/copilot-prompt-library-pack/.github/prompts/ship/ship-pr-ready.prompt.md,Packs/copilot-prompt-library-pack/.github/prompts/ship/ship-pr-ready.prompt.md,keep,canonical-no-change
Packs/copilot-prompt-library-pack/.github/prompts/ship/ship-small-slice-plan.prompt.md,Packs/copilot-prompt-library-pack/.github/prompts/ship/ship-small-slice-plan.prompt.md,keep,canonical-no-change
Packs/copilot-prompt-library-pack/.github/prompts/suite/suite:route.prompt.md,Packs/copilot-prompt-library-pack/.github/prompts/suite/suite:route.prompt.md,review,duplicate-target-path
Packs/copilot-prompt-library-pack/.github/prompts/ui/ui-award.prompt.md,Packs/copilot-prompt-library-pack/.github/prompts/ui/ui-award.prompt.md,keep,canonical-no-change
Packs/copilot-prompt-library-pack/.github/prompts/ui/ui-prototype.prompt.md,Packs/copilot-prompt-library-pack/.github/prompts/ui/ui-prototype.prompt.md,keep,canonical-no-change
Packs/copilot-prompt-library-pack/.github/prompts/ui/ui-wiring.prompt.md,Packs/copilot-prompt-library-pack/.github/prompts/ui/ui-wiring.prompt.md,keep,canonical-no-change
Packs/copilot-prompt-library-pack/.vscode/settings.json,Packs/copilot-prompt-library-pack/.vscode/settings.json,keep,canonical-no-change
Packs/copilot-prompt-library-pack/AGENTS.md,Packs/copilot-prompt-library-pack/AGENTS.md,review,missing-frontmatter
Packs/copilot-prompt-library-pack/llms.txt,Packs/copilot-prompt-library-pack/llms.txt,keep,canonical-no-change
Packs/copilot-prompt-library-pack/PACK_MANIFEST.json,Packs/copilot-prompt-library-pack/PACK_MANIFEST.json,keep,canonical-no-change
Packs/copilot-prompt-library-pack/README.md,Packs/copilot-prompt-library-pack/README.md,keep,canonical-no-change
Packs/copilot-prompt-library-pack/tools/validate-prompts.py,Packs/copilot-prompt-library-pack/tools/validate-prompts.py,keep,canonical-no-change
Packs/copilot-quality-engineer-pack/.github/agents/contract-tester.agent.md,Packs/copilot-quality-engineer-pack/.github/agents/contract-tester.agent.md,keep,canonical-no-change
Packs/copilot-quality-engineer-pack/.github/agents/flake-hunter.agent.md,Packs/copilot-quality-engineer-pack/.github/agents/flake-hunter.agent.md,keep,canonical-no-change
Packs/copilot-quality-engineer-pack/.github/agents/quality-engineer.agent.md,Packs/copilot-quality-engineer-pack/.github/agents/quality-engineer.agent.md,keep,canonical-no-change
Packs/copilot-quality-engineer-pack/.github/agents/quality-gate-reviewer.agent.md,Packs/copilot-quality-engineer-pack/.github/agents/quality-gate-reviewer.agent.md,keep,canonical-no-change
Packs/copilot-quality-engineer-pack/.github/agents/test-implementer.agent.md,Packs/copilot-quality-engineer-pack/.github/agents/test-implementer.agent.md,keep,canonical-no-change
Packs/copilot-quality-engineer-pack/.github/agents/test-planner.agent.md,Packs/copilot-quality-engineer-pack/.github/agents/test-planner.agent.md,keep,canonical-no-change
Packs/copilot-quality-engineer-pack/.github/copilot-instructions.md,Packs/copilot-quality-engineer-pack/.github/copilot-instructions.md,review,missing-frontmatter;duplicate-target-path
Packs/copilot-quality-engineer-pack/.github/prompts/add-critical-tests.prompt.md,Packs/copilot-quality-engineer-pack/.github/prompts/add-critical-tests.prompt.md,keep,canonical-no-change
Packs/copilot-quality-engineer-pack/.github/prompts/contract-tests.prompt.md,Packs/copilot-quality-engineer-pack/.github/prompts/contract-tests.prompt.md,keep,canonical-no-change
Packs/copilot-quality-engineer-pack/.github/prompts/fixture-kit.prompt.md,Packs/copilot-quality-engineer-pack/.github/prompts/fixture-kit.prompt.md,keep,canonical-no-change
Packs/copilot-quality-engineer-pack/.github/prompts/make-tests-deterministic.prompt.md,Packs/copilot-quality-engineer-pack/.github/prompts/make-tests-deterministic.prompt.md,keep,canonical-no-change
Packs/copilot-quality-engineer-pack/.github/prompts/quality-brief.prompt.md,Packs/copilot-quality-engineer-pack/.github/prompts/quality-brief.prompt.md,keep,canonical-no-change
Packs/copilot-quality-engineer-pack/.github/prompts/quality-review.prompt.md,Packs/copilot-quality-engineer-pack/.github/prompts/quality-review.prompt.md,keep,canonical-no-change
Packs/copilot-quality-engineer-pack/.github/prompts/quality-ship.prompt.md,Packs/copilot-quality-engineer-pack/.github/prompts/quality-ship.prompt.md,keep,canonical-no-change
Packs/copilot-quality-engineer-pack/.github/skills/contract-testing-seams/SKILL.md,Packs/copilot-quality-engineer-pack/.github/skills/contract-testing-seams/SKILL.md,keep,canonical-no-change
Packs/copilot-quality-engineer-pack/.github/skills/contract-testing-seams/templates/contract-test-plan.md,Packs/copilot-quality-engineer-pack/.github/skills/contract-testing-seams/templates/contract-test-plan.md,keep,canonical-no-change
Packs/copilot-quality-engineer-pack/.github/skills/critical-path-inventory/SKILL.md,Packs/copilot-quality-engineer-pack/.github/skills/critical-path-inventory/SKILL.md,keep,canonical-no-change
Packs/copilot-quality-engineer-pack/.github/skills/critical-path-inventory/templates/critical-flows.md,Packs/copilot-quality-engineer-pack/.github/skills/critical-path-inventory/templates/critical-flows.md,keep,canonical-no-change
Packs/copilot-quality-engineer-pack/.github/skills/deterministic-testing/SKILL.md,Packs/copilot-quality-engineer-pack/.github/skills/deterministic-testing/SKILL.md,keep,canonical-no-change
Packs/copilot-quality-engineer-pack/.github/skills/flake-triage/SKILL.md,Packs/copilot-quality-engineer-pack/.github/skills/flake-triage/SKILL.md,keep,canonical-no-change
Packs/copilot-quality-engineer-pack/.vscode/settings.json,Packs/copilot-quality-engineer-pack/.vscode/settings.json,keep,canonical-no-change
Packs/copilot-quality-engineer-pack/AGENTS.md,Packs/copilot-quality-engineer-pack/AGENTS.md,review,missing-frontmatter
Packs/copilot-quality-engineer-pack/docs/quality/QUALITY_ENGINEERING.md,Packs/copilot-quality-engineer-pack/docs/quality/QUALITY_ENGINEERING.md,keep,canonical-no-change
Packs/copilot-quality-engineer-pack/llms.txt,Packs/copilot-quality-engineer-pack/llms.txt,keep,canonical-no-change
Packs/copilot-quality-engineer-pack/PACK_MANIFEST.json,Packs/copilot-quality-engineer-pack/PACK_MANIFEST.json,keep,canonical-no-change
Packs/copilot-quality-engineer-pack/README.md,Packs/copilot-quality-engineer-pack/README.md,keep,canonical-no-change
Packs/copilot-release-supplychain-pack/.github/agents/build-hardener.agent.md,Packs/copilot-release-supplychain-pack/.github/agents/build-hardener.agent.md,keep,canonical-no-change
Packs/copilot-release-supplychain-pack/.github/agents/provenance-attestor.agent.md,Packs/copilot-release-supplychain-pack/.github/agents/provenance-attestor.agent.md,keep,canonical-no-change
Packs/copilot-release-supplychain-pack/.github/agents/release-notes-curator.agent.md,Packs/copilot-release-supplychain-pack/.github/agents/release-notes-curator.agent.md,keep,canonical-no-change
Packs/copilot-release-supplychain-pack/.github/agents/release-supplychain-engineer.agent.md,Packs/copilot-release-supplychain-pack/.github/agents/release-supplychain-engineer.agent.md,keep,canonical-no-change
Packs/copilot-release-supplychain-pack/.github/agents/sbom-maintainer.agent.md,Packs/copilot-release-supplychain-pack/.github/agents/sbom-maintainer.agent.md,keep,canonical-no-change
Packs/copilot-release-supplychain-pack/.github/agents/verifier.agent.md,Packs/copilot-release-supplychain-pack/.github/agents/verifier.agent.md,keep,canonical-no-change
Packs/copilot-release-supplychain-pack/.github/copilot-instructions.md,Packs/copilot-release-supplychain-pack/.github/copilot-instructions.md,review,missing-frontmatter;duplicate-target-path
Packs/copilot-release-supplychain-pack/.github/prompts/attest-provenance.prompt.md,Packs/copilot-release-supplychain-pack/.github/prompts/attest-provenance.prompt.md,keep,canonical-no-change
Packs/copilot-release-supplychain-pack/.github/prompts/curate-release-notes.prompt.md,Packs/copilot-release-supplychain-pack/.github/prompts/curate-release-notes.prompt.md,keep,canonical-no-change
Packs/copilot-release-supplychain-pack/.github/prompts/generate-sbom.prompt.md,Packs/copilot-release-supplychain-pack/.github/prompts/generate-sbom.prompt.md,keep,canonical-no-change
Packs/copilot-release-supplychain-pack/.github/prompts/harden-builds.prompt.md,Packs/copilot-release-supplychain-pack/.github/prompts/harden-builds.prompt.md,keep,canonical-no-change
Packs/copilot-release-supplychain-pack/.github/prompts/release-brief.prompt.md,Packs/copilot-release-supplychain-pack/.github/prompts/release-brief.prompt.md,keep,canonical-no-change
Packs/copilot-release-supplychain-pack/.github/prompts/release-ship.prompt.md,Packs/copilot-release-supplychain-pack/.github/prompts/release-ship.prompt.md,keep,canonical-no-change
Packs/copilot-release-supplychain-pack/.github/prompts/verify-release.prompt.md,Packs/copilot-release-supplychain-pack/.github/prompts/verify-release.prompt.md,keep,canonical-no-change
Packs/copilot-release-supplychain-pack/.github/skills/artifact-verification/SKILL.md,Packs/copilot-release-supplychain-pack/.github/skills/artifact-verification/SKILL.md,keep,canonical-no-change
Packs/copilot-release-supplychain-pack/.github/skills/artifact-verification/templates/verify.md,Packs/copilot-release-supplychain-pack/.github/skills/artifact-verification/templates/verify.md,keep,canonical-no-change
Packs/copilot-release-supplychain-pack/.github/skills/release-notes-and-versioning/SKILL.md,Packs/copilot-release-supplychain-pack/.github/skills/release-notes-and-versioning/SKILL.md,keep,canonical-no-change
Packs/copilot-release-supplychain-pack/.github/skills/release-notes-and-versioning/templates/release-notes.md,Packs/copilot-release-supplychain-pack/.github/skills/release-notes-and-versioning/templates/release-notes.md,keep,canonical-no-change
Packs/copilot-release-supplychain-pack/.github/skills/reproducible-build-hardening/SKILL.md,Packs/copilot-release-supplychain-pack/.github/skills/reproducible-build-hardening/SKILL.md,keep,canonical-no-change
Packs/copilot-release-supplychain-pack/.github/skills/reproducible-build-hardening/templates/repro-audit.md,Packs/copilot-release-supplychain-pack/.github/skills/reproducible-build-hardening/templates/repro-audit.md,keep,canonical-no-change
Packs/copilot-release-supplychain-pack/.github/skills/sbom-generation-and-publication/SKILL.md,Packs/copilot-release-supplychain-pack/.github/skills/sbom-generation-and-publication/SKILL.md,keep,canonical-no-change
Packs/copilot-release-supplychain-pack/.github/skills/sbom-generation-and-publication/templates/sbom-publish.md,Packs/copilot-release-supplychain-pack/.github/skills/sbom-generation-and-publication/templates/sbom-publish.md,keep,canonical-no-change
Packs/copilot-release-supplychain-pack/.github/skills/slsa-provenance-attestations/SKILL.md,Packs/copilot-release-supplychain-pack/.github/skills/slsa-provenance-attestations/SKILL.md,keep,canonical-no-change
Packs/copilot-release-supplychain-pack/.github/skills/slsa-provenance-attestations/templates/provenance-checklist.md,Packs/copilot-release-supplychain-pack/.github/skills/slsa-provenance-attestations/templates/provenance-checklist.md,keep,canonical-no-change
Packs/copilot-release-supplychain-pack/.vscode/settings.json,Packs/copilot-release-supplychain-pack/.vscode/settings.json,keep,canonical-no-change
Packs/copilot-release-supplychain-pack/AGENTS.md,Packs/copilot-release-supplychain-pack/AGENTS.md,review,missing-frontmatter
Packs/copilot-release-supplychain-pack/docs/release/RELEASE_ENGINEERING.md,Packs/copilot-release-supplychain-pack/docs/release/RELEASE_ENGINEERING.md,keep,canonical-no-change
Packs/copilot-release-supplychain-pack/docs/release/VERIFY_RELEASE.md,Packs/copilot-release-supplychain-pack/docs/release/VERIFY_RELEASE.md,keep,canonical-no-change
Packs/copilot-release-supplychain-pack/llms.txt,Packs/copilot-release-supplychain-pack/llms.txt,keep,canonical-no-change
Packs/copilot-release-supplychain-pack/PACK_MANIFEST.json,Packs/copilot-release-supplychain-pack/PACK_MANIFEST.json,keep,canonical-no-change
Packs/copilot-release-supplychain-pack/README.md,Packs/copilot-release-supplychain-pack/README.md,keep,canonical-no-change
Packs/copilot-security-gatekeeper-pack/.github/agents/asvs-mapper.agent.md,Packs/copilot-security-gatekeeper-pack/.github/agents/asvs-mapper.agent.md,keep,canonical-no-change
Packs/copilot-security-gatekeeper-pack/.github/agents/secure-implementer.agent.md,Packs/copilot-security-gatekeeper-pack/.github/agents/secure-implementer.agent.md,keep,canonical-no-change
Packs/copilot-security-gatekeeper-pack/.github/agents/security-gatekeeper.agent.md,Packs/copilot-security-gatekeeper-pack/.github/agents/security-gatekeeper.agent.md,keep,canonical-no-change
Packs/copilot-security-gatekeeper-pack/.github/agents/security-reviewer.agent.md,Packs/copilot-security-gatekeeper-pack/.github/agents/security-reviewer.agent.md,keep,canonical-no-change
Packs/copilot-security-gatekeeper-pack/.github/agents/threat-modeler.agent.md,Packs/copilot-security-gatekeeper-pack/.github/agents/threat-modeler.agent.md,keep,canonical-no-change
Packs/copilot-security-gatekeeper-pack/.github/copilot-instructions.md,Packs/copilot-security-gatekeeper-pack/.github/copilot-instructions.md,review,missing-frontmatter;duplicate-target-path
Packs/copilot-security-gatekeeper-pack/.github/prompts/asvs-checklist.prompt.md,Packs/copilot-security-gatekeeper-pack/.github/prompts/asvs-checklist.prompt.md,keep,canonical-no-change
Packs/copilot-security-gatekeeper-pack/.github/prompts/dependency-risk-triage.prompt.md,Packs/copilot-security-gatekeeper-pack/.github/prompts/dependency-risk-triage.prompt.md,keep,canonical-no-change
Packs/copilot-security-gatekeeper-pack/.github/prompts/secure-error-model.prompt.md,Packs/copilot-security-gatekeeper-pack/.github/prompts/secure-error-model.prompt.md,keep,canonical-no-change
Packs/copilot-security-gatekeeper-pack/.github/prompts/secure-ship.prompt.md,Packs/copilot-security-gatekeeper-pack/.github/prompts/secure-ship.prompt.md,keep,canonical-no-change
Packs/copilot-security-gatekeeper-pack/.github/prompts/security-brief.prompt.md,Packs/copilot-security-gatekeeper-pack/.github/prompts/security-brief.prompt.md,keep,canonical-no-change
Packs/copilot-security-gatekeeper-pack/.github/prompts/security-review.prompt.md,Packs/copilot-security-gatekeeper-pack/.github/prompts/security-review.prompt.md,keep,canonical-no-change
Packs/copilot-security-gatekeeper-pack/.github/prompts/threat-model.prompt.md,Packs/copilot-security-gatekeeper-pack/.github/prompts/threat-model.prompt.md,keep,canonical-no-change
Packs/copilot-security-gatekeeper-pack/.github/skills/asvs-scoped-checklist/SKILL.md,Packs/copilot-security-gatekeeper-pack/.github/skills/asvs-scoped-checklist/SKILL.md,keep,canonical-no-change
Packs/copilot-security-gatekeeper-pack/.github/skills/asvs-scoped-checklist/templates/asvs-mapping.md,Packs/copilot-security-gatekeeper-pack/.github/skills/asvs-scoped-checklist/templates/asvs-mapping.md,keep,canonical-no-change
Packs/copilot-security-gatekeeper-pack/.github/skills/dependency-risk-triage/SKILL.md,Packs/copilot-security-gatekeeper-pack/.github/skills/dependency-risk-triage/SKILL.md,keep,canonical-no-change
Packs/copilot-security-gatekeeper-pack/.github/skills/safe-errors-and-logging/SKILL.md,Packs/copilot-security-gatekeeper-pack/.github/skills/safe-errors-and-logging/SKILL.md,keep,canonical-no-change
Packs/copilot-security-gatekeeper-pack/.github/skills/safe-errors-and-logging/templates/error-mapping.md,Packs/copilot-security-gatekeeper-pack/.github/skills/safe-errors-and-logging/templates/error-mapping.md,keep,canonical-no-change
Packs/copilot-security-gatekeeper-pack/.github/skills/threat-modeling-lite/SKILL.md,Packs/copilot-security-gatekeeper-pack/.github/skills/threat-modeling-lite/SKILL.md,keep,canonical-no-change
Packs/copilot-security-gatekeeper-pack/.github/skills/threat-modeling-lite/templates/threat-model.md,Packs/copilot-security-gatekeeper-pack/.github/skills/threat-modeling-lite/templates/threat-model.md,keep,canonical-no-change
Packs/copilot-security-gatekeeper-pack/.vscode/settings.json,Packs/copilot-security-gatekeeper-pack/.vscode/settings.json,keep,canonical-no-change
Packs/copilot-security-gatekeeper-pack/AGENTS.md,Packs/copilot-security-gatekeeper-pack/AGENTS.md,review,missing-frontmatter
Packs/copilot-security-gatekeeper-pack/docs/security/SECURITY_GATEKEEPER.md,Packs/copilot-security-gatekeeper-pack/docs/security/SECURITY_GATEKEEPER.md,keep,canonical-no-change
Packs/copilot-security-gatekeeper-pack/llms.txt,Packs/copilot-security-gatekeeper-pack/llms.txt,keep,canonical-no-change
Packs/copilot-security-gatekeeper-pack/PACK_MANIFEST.json,Packs/copilot-security-gatekeeper-pack/PACK_MANIFEST.json,keep,canonical-no-change
Packs/copilot-security-gatekeeper-pack/README.md,Packs/copilot-security-gatekeeper-pack/README.md,keep,canonical-no-change
Packs/copilot-suite-harmoniser-pack/.github/agents/suite-chief-of-staff.agent.md,Packs/copilot-suite-harmoniser-pack/.github/agents/suite-chief-of-staff.agent.md,keep,canonical-no-change
Packs/copilot-suite-harmoniser-pack/.github/copilot-instructions.md,Packs/copilot-suite-harmoniser-pack/.github/copilot-instructions.md,review,missing-frontmatter;duplicate-target-path
Packs/copilot-suite-harmoniser-pack/.github/prompts/suite/suite:route.prompt.md,Packs/copilot-suite-harmoniser-pack/.github/prompts/suite/suite:route.prompt.md,review,duplicate-target-path
Packs/copilot-suite-harmoniser-pack/.vscode/settings.json,Packs/copilot-suite-harmoniser-pack/.vscode/settings.json,keep,canonical-no-change
Packs/copilot-suite-harmoniser-pack/AGENTS.md,Packs/copilot-suite-harmoniser-pack/AGENTS.md,review,missing-frontmatter
Packs/copilot-suite-harmoniser-pack/ALLOWED_SUBAGENTS.json,Packs/copilot-suite-harmoniser-pack/ALLOWED_SUBAGENTS.json,keep,canonical-no-change
Packs/copilot-suite-harmoniser-pack/llms.txt,Packs/copilot-suite-harmoniser-pack/llms.txt,keep,canonical-no-change
Packs/copilot-suite-harmoniser-pack/PACK_MANIFEST.json,Packs/copilot-suite-harmoniser-pack/PACK_MANIFEST.json,keep,canonical-no-change
Packs/copilot-suite-harmoniser-pack/README.md,Packs/copilot-suite-harmoniser-pack/README.md,keep,canonical-no-change
Packs/copilot-ux-agent-pack/.github/agents/ux-implementer.agent.md,Packs/copilot-ux-agent-pack/.github/agents/ux-implementer.agent.md,keep,canonical-no-change
Packs/copilot-ux-agent-pack/.github/agents/ux-prototyper.agent.md,Packs/copilot-ux-agent-pack/.github/agents/ux-prototyper.agent.md,keep,canonical-no-change
Packs/copilot-ux-agent-pack/.github/agents/ux-researcher.agent.md,Packs/copilot-ux-agent-pack/.github/agents/ux-researcher.agent.md,keep,canonical-no-change
Packs/copilot-ux-agent-pack/.github/agents/ux-reviewer.agent.md,Packs/copilot-ux-agent-pack/.github/agents/ux-reviewer.agent.md,keep,canonical-no-change
Packs/copilot-ux-agent-pack/.github/copilot-instructions.md,Packs/copilot-ux-agent-pack/.github/copilot-instructions.md,review,missing-frontmatter;duplicate-target-path
Packs/copilot-ux-agent-pack/.github/prompts/component-spec.prompt.md,Packs/copilot-ux-agent-pack/.github/prompts/component-spec.prompt.md,keep,canonical-no-change
Packs/copilot-ux-agent-pack/.github/prompts/prototype-screen.prompt.md,Packs/copilot-ux-agent-pack/.github/prompts/prototype-screen.prompt.md,keep,canonical-no-change
Packs/copilot-ux-agent-pack/.github/prompts/tokens-hardening.prompt.md,Packs/copilot-ux-agent-pack/.github/prompts/tokens-hardening.prompt.md,keep,canonical-no-change
Packs/copilot-ux-agent-pack/.github/prompts/ux-audit.prompt.md,Packs/copilot-ux-agent-pack/.github/prompts/ux-audit.prompt.md,keep,canonical-no-change
Packs/copilot-ux-agent-pack/.github/skills/accessibility-sweep/SKILL.md,Packs/copilot-ux-agent-pack/.github/skills/accessibility-sweep/SKILL.md,keep,canonical-no-change
Packs/copilot-ux-agent-pack/.github/skills/accessibility-sweep/templates/a11y-checklist.md,Packs/copilot-ux-agent-pack/.github/skills/accessibility-sweep/templates/a11y-checklist.md,keep,canonical-no-change
Packs/copilot-ux-agent-pack/.github/skills/ux-heuristic-audit/SKILL.md,Packs/copilot-ux-agent-pack/.github/skills/ux-heuristic-audit/SKILL.md,keep,canonical-no-change
Packs/copilot-ux-agent-pack/.github/skills/ux-prototype-workflow/SKILL.md,Packs/copilot-ux-agent-pack/.github/skills/ux-prototype-workflow/SKILL.md,keep,canonical-no-change
Packs/copilot-ux-agent-pack/.github/skills/ux-prototype-workflow/templates/ux-contract.md,Packs/copilot-ux-agent-pack/.github/skills/ux-prototype-workflow/templates/ux-contract.md,keep,canonical-no-change
Packs/copilot-ux-agent-pack/.github/skills/ux-prototype-workflow/templates/verification-checklist.md,Packs/copilot-ux-agent-pack/.github/skills/ux-prototype-workflow/templates/verification-checklist.md,keep,canonical-no-change
Packs/copilot-ux-agent-pack/.vscode/settings.json,Packs/copilot-ux-agent-pack/.vscode/settings.json,keep,canonical-no-change
Packs/copilot-ux-agent-pack/AGENTS.md,Packs/copilot-ux-agent-pack/AGENTS.md,review,missing-frontmatter
Packs/copilot-ux-agent-pack/llms.txt,Packs/copilot-ux-agent-pack/llms.txt,keep,canonical-no-change
Packs/copilot-ux-agent-pack/PACK_MANIFEST.json,Packs/copilot-ux-agent-pack/PACK_MANIFEST.json,keep,canonical-no-change
Packs/copilot-ux-agent-pack/README.md,Packs/copilot-ux-agent-pack/README.md,keep,canonical-no-change
Packs/INSTRUCTIONS AND RULES/copilot-policy-kernel-pack/.github/copilot-instructions.md,Packs/copilot-policy-kernel-pack/.github/copilot-instructions.md,deprecate-reference,Mirror root content is non-canonical; keep canonical source under Packs/*-pack
Packs/INSTRUCTIONS AND RULES/copilot-policy-kernel-pack/.github/instructions/00-repo-core.instructions.md,Packs/copilot-policy-kernel-pack/.github/instructions/00-repo-core.instructions.md,deprecate-reference,Mirror root content is non-canonical; keep canonical source under Packs/*-pack
Packs/INSTRUCTIONS AND RULES/copilot-policy-kernel-pack/.github/skills/repo-core-policy/resources/policy-checklist.md,Packs/copilot-policy-kernel-pack/.github/skills/repo-core-policy/resources/policy-checklist.md,deprecate-reference,Mirror root content is non-canonical; keep canonical source under Packs/*-pack
Packs/INSTRUCTIONS AND RULES/copilot-policy-kernel-pack/.github/skills/repo-core-policy/scripts/policy-self-check.sh,Packs/copilot-policy-kernel-pack/.github/skills/repo-core-policy/scripts/policy-self-check.sh,deprecate-reference,Mirror root content is non-canonical; keep canonical source under Packs/*-pack
Packs/INSTRUCTIONS AND RULES/copilot-policy-kernel-pack/.github/skills/repo-core-policy/SKILL.md,Packs/copilot-policy-kernel-pack/.github/skills/repo-core-policy/SKILL.md,deprecate-reference,Mirror root content is non-canonical; keep canonical source under Packs/*-pack
Packs/INSTRUCTIONS AND RULES/copilot-policy-kernel-pack/.vscode/settings.json,Packs/copilot-policy-kernel-pack/.vscode/settings.json,deprecate-reference,Mirror root content is non-canonical; keep canonical source under Packs/*-pack
Packs/INSTRUCTIONS AND RULES/copilot-policy-kernel-pack/llms.txt,Packs/copilot-policy-kernel-pack/llms.txt,deprecate-reference,Mirror root content is non-canonical; keep canonical source under Packs/*-pack
Packs/INSTRUCTIONS AND RULES/copilot-policy-kernel-pack/PACK_MANIFEST.json,Packs/copilot-policy-kernel-pack/PACK_MANIFEST.json,deprecate-reference,Mirror root content is non-canonical; keep canonical source under Packs/*-pack
Packs/INSTRUCTIONS AND RULES/copilot-policy-kernel-pack/README.md,Packs/copilot-policy-kernel-pack/README.md,deprecate-reference,Mirror root content is non-canonical; keep canonical source under Packs/*-pack
Packs/INSTRUCTIONS AND RULES/copilot-policy-kernel-pack/tools/validate-instructions.py,Packs/copilot-policy-kernel-pack/tools/validate-instructions.py,deprecate-reference,Mirror root content is non-canonical; keep canonical source under Packs/*-pack
Packs/PROMPT FILES/copilot-prompt-library-pack/.github/copilot-instructions.md,Packs/copilot-prompt-library-pack/.github/copilot-instructions.md,deprecate-reference,Mirror root content is non-canonical; keep canonical source under Packs/*-pack
Packs/PROMPT FILES/copilot-prompt-library-pack/.github/prompts/audit/audit-repo-health.prompt.md,Packs/copilot-prompt-library-pack/.github/prompts/audit/audit-repo-health.prompt.md,deprecate-reference,Mirror root content is non-canonical; keep canonical source under Packs/*-pack
Packs/PROMPT FILES/copilot-prompt-library-pack/.github/prompts/audit/audit-security-basics.prompt.md,Packs/copilot-prompt-library-pack/.github/prompts/audit/audit-security-basics.prompt.md,deprecate-reference,Mirror root content is non-canonical; keep canonical source under Packs/*-pack
Packs/PROMPT FILES/copilot-prompt-library-pack/.github/prompts/audit/audit-ui-a11y.prompt.md,Packs/copilot-prompt-library-pack/.github/prompts/audit/audit-ui-a11y.prompt.md,deprecate-reference,Mirror root content is non-canonical; keep canonical source under Packs/*-pack
Packs/PROMPT FILES/copilot-prompt-library-pack/.github/prompts/brief/brief-acceptance.prompt.md,Packs/copilot-prompt-library-pack/.github/prompts/brief/brief-acceptance.prompt.md,deprecate-reference,Mirror root content is non-canonical; keep canonical source under Packs/*-pack
Packs/PROMPT FILES/copilot-prompt-library-pack/.github/prompts/brief/brief-clarify.prompt.md,Packs/copilot-prompt-library-pack/.github/prompts/brief/brief-clarify.prompt.md,deprecate-reference,Mirror root content is non-canonical; keep canonical source under Packs/*-pack
Packs/PROMPT FILES/copilot-prompt-library-pack/.github/prompts/gh/gh-bootstrap.prompt.md,Packs/copilot-prompt-library-pack/.github/prompts/gh/gh-bootstrap.prompt.md,deprecate-reference,Mirror root content is non-canonical; keep canonical source under Packs/*-pack
Packs/PROMPT FILES/copilot-prompt-library-pack/.github/prompts/gov/gov-ship.prompt.md,Packs/copilot-prompt-library-pack/.github/prompts/gov/gov-ship.prompt.md,deprecate-reference,Mirror root content is non-canonical; keep canonical source under Packs/*-pack
Packs/PROMPT FILES/copilot-prompt-library-pack/.github/prompts/obs/obs-ship.prompt.md,Packs/copilot-prompt-library-pack/.github/prompts/obs/obs-ship.prompt.md,deprecate-reference,Mirror root content is non-canonical; keep canonical source under Packs/*-pack
Packs/PROMPT FILES/copilot-prompt-library-pack/.github/prompts/polish/polish-ship.prompt.md,Packs/copilot-prompt-library-pack/.github/prompts/polish/polish-ship.prompt.md,deprecate-reference,Mirror root content is non-canonical; keep canonical source under Packs/*-pack
Packs/PROMPT FILES/copilot-prompt-library-pack/.github/prompts/qa/qa-ship.prompt.md,Packs/copilot-prompt-library-pack/.github/prompts/qa/qa-ship.prompt.md,deprecate-reference,Mirror root content is non-canonical; keep canonical source under Packs/*-pack
Packs/PROMPT FILES/copilot-prompt-library-pack/.github/prompts/rel/rel-ship.prompt.md,Packs/copilot-prompt-library-pack/.github/prompts/rel/rel-ship.prompt.md,deprecate-reference,Mirror root content is non-canonical; keep canonical source under Packs/*-pack
Packs/PROMPT FILES/copilot-prompt-library-pack/.github/prompts/scaffold/scaffold-new.prompt.md,Packs/copilot-prompt-library-pack/.github/prompts/scaffold/scaffold-new.prompt.md,deprecate-reference,Mirror root content is non-canonical; keep canonical source under Packs/*-pack
Packs/PROMPT FILES/copilot-prompt-library-pack/.github/prompts/sec/sec-ship.prompt.md,Packs/copilot-prompt-library-pack/.github/prompts/sec/sec-ship.prompt.md,deprecate-reference,Mirror root content is non-canonical; keep canonical source under Packs/*-pack
Packs/PROMPT FILES/copilot-prompt-library-pack/.github/prompts/ship/ship-pr-ready.prompt.md,Packs/copilot-prompt-library-pack/.github/prompts/ship/ship-pr-ready.prompt.md,deprecate-reference,Mirror root content is non-canonical; keep canonical source under Packs/*-pack
Packs/PROMPT FILES/copilot-prompt-library-pack/.github/prompts/ship/ship-small-slice-plan.prompt.md,Packs/copilot-prompt-library-pack/.github/prompts/ship/ship-small-slice-plan.prompt.md,deprecate-reference,Mirror root content is non-canonical; keep canonical source under Packs/*-pack
Packs/PROMPT FILES/copilot-prompt-library-pack/.github/prompts/suite/suite:route.prompt.md,Packs/copilot-prompt-library-pack/.github/prompts/suite/suite:route.prompt.md,deprecate-reference,Mirror root content is non-canonical; keep canonical source under Packs/*-pack
Packs/PROMPT FILES/copilot-prompt-library-pack/.github/prompts/ui/ui-award.prompt.md,Packs/copilot-prompt-library-pack/.github/prompts/ui/ui-award.prompt.md,deprecate-reference,Mirror root content is non-canonical; keep canonical source under Packs/*-pack
Packs/PROMPT FILES/copilot-prompt-library-pack/.github/prompts/ui/ui-prototype.prompt.md,Packs/copilot-prompt-library-pack/.github/prompts/ui/ui-prototype.prompt.md,deprecate-reference,Mirror root content is non-canonical; keep canonical source under Packs/*-pack
Packs/PROMPT FILES/copilot-prompt-library-pack/.github/prompts/ui/ui-wiring.prompt.md,Packs/copilot-prompt-library-pack/.github/prompts/ui/ui-wiring.prompt.md,deprecate-reference,Mirror root content is non-canonical; keep canonical source under Packs/*-pack
Packs/PROMPT FILES/copilot-prompt-library-pack/.vscode/settings.json,Packs/copilot-prompt-library-pack/.vscode/settings.json,deprecate-reference,Mirror root content is non-canonical; keep canonical source under Packs/*-pack
Packs/PROMPT FILES/copilot-prompt-library-pack/AGENTS.md,Packs/copilot-prompt-library-pack/AGENTS.md,deprecate-reference,Mirror root content is non-canonical; keep canonical source under Packs/*-pack
Packs/PROMPT FILES/copilot-prompt-library-pack/llms.txt,Packs/copilot-prompt-library-pack/llms.txt,deprecate-reference,Mirror root content is non-canonical; keep canonical source under Packs/*-pack
Packs/PROMPT FILES/copilot-prompt-library-pack/PACK_MANIFEST.json,Packs/copilot-prompt-library-pack/PACK_MANIFEST.json,deprecate-reference,Mirror root content is non-canonical; keep canonical source under Packs/*-pack
Packs/PROMPT FILES/copilot-prompt-library-pack/README.md,Packs/copilot-prompt-library-pack/README.md,deprecate-reference,Mirror root content is non-canonical; keep canonical source under Packs/*-pack
Packs/PROMPT FILES/copilot-prompt-library-pack/tools/validate-prompts.py,Packs/copilot-prompt-library-pack/tools/validate-prompts.py,deprecate-reference,Mirror root content is non-canonical; keep canonical source under Packs/*-pack
